2011/1/1,10.2,2.6
2011/1/2,11,4
2011/1/3,9.7,2.8
2011/1/4,10.1,3.6
2011/1/5,11.5,3
2011/1/6,9.9,3.3
2011/1/7,8.5,2.1
2011/1/8,10.4,1.7
2011/1/9,13.7,2.1
2011/1/10,7,1.7
2011/1/11,7.2,0.5
2011/1/12,9.1,1.8
2011/1/13,8.5,2.5
2011/1/14,8.1,0.7
2011/1/15,9.1,0.4
2011/1/16,7.2,-0.5
2011/1/17,11.9,-0.1
2011/1/18,10.7,1.9
2011/1/19,10.6,1.7
2011/1/20,9.5,3.1
2011/1/21,8.9,2.2
2011/1/22,10.7,2.4
2011/1/23,9.6,2.4
2011/1/24,8.2,3.4
2011/1/25,10.2,2.8
2011/1/26,10.9,2.9
2011/1/27,10.1,1.3
2011/1/28,8.6,0.5
2011/1/29,8.1,2
2011/1/30,6.6,0.5
2011/1/31,7.1,-1.3
2011/2/1,11.8,0
2011/2/2,9.2,3.1
2011/2/3,11.8,2.2
2011/2/4,13.3,3.6
2011/2/5,11.4,3.5
2011/2/6,12.2,4.9
2011/2/7,14.9,4.6
2011/2/8,8.9,4.3
2011/2/9,9,1.4
2011/2/10,9.9,4
2011/2/11,5.5,0.8
2011/2/12,3.8,0.8
2011/2/13,9.8,-0.2
2011/2/14,7.5,0.3
2011/2/15,11.1,0.7
2011/2/16,12.5,1
2011/2/17,14.6,5.8
2011/2/18,16.2,5.5
2011/2/19,9,3.7
2011/2/20,9.2,5.4
2011/2/21,9.4,4.7
2011/2/22,11.2,2.7
2011/2/23,12.6,3.8
2011/2/24,13.4,8
2011/2/25,20.8,6.7
2011/2/26,10.9,3.6
2011/2/27,18.1,4.1
2011/2/28,10.6,2
2011/3/1,7,4.3
2011/3/2,8,2.6
2011/3/3,8.7,1.7
2011/3/4,9,0.7
2011/3/5,13,1.4
2011/3/6,18.1,3.4
2011/3/7,9.8,0.8
2011/3/8,10.1,3
2011/3/9,12.5,3.5
2011/3/10,9.7,2.6
2011/3/11,12.9,2.4
2011/3/12,12.3,2.5
2011/3/13,17,5.7
2011/3/14,20.1,7.5
2011/3/15,14.4,10.5
2011/3/16,13.4,3.3
2011/3/17,9.4,1.5
2011/3/18,9.8,1.4
2011/3/19,17.9,8
2011/3/20,17.5,9.3
2011/3/21,17.2,7.5
2011/3/22,7.5,5.6
2011/3/23,9.6,1.9
2011/3/24,8.2,2.7
2011/3/25,14.2,3.2
2011/3/26,13.1,4.1
2011/3/27,11.1,2
2011/3/28,12.3,4.3
2011/3/29,16.1,5.2
2011/3/30,17.2,7.7
2011/3/31,14.2,6
2011/4/1,16.6,5.5
2011/4/2,18.1,8.7
2011/4/3,9.8,7.1
2011/4/4,15.1,6
2011/4/5,15.3,4.4
2011/4/6,20,7.7
2011/4/7,20.4,11.3
2011/4/8,18.5,15
2011/4/9,18.6,13
2011/4/10,18,10.3
2011/4/11,19.7,8.6
2011/4/12,17.3,7.7
2011/4/13,21.1,7.1
2011/4/14,22.8,10.8
2011/4/15,22.4,14.6
2011/4/16,24.2,12.4
2011/4/17,18.2,9.8
2011/4/18,17.3,12.8
2011/4/19,19.5,8
2011/4/20,15.5,6.7
2011/4/21,17.4,9.9
2011/4/22,18.5,11.4
2011/4/23,19.1,14.8
2011/4/24,20.7,12.3
2011/4/25,20.9,10.3
2011/4/26,21.2,10.6
2011/4/27,23.3,17
2011/4/28,23.6,13.8
2011/4/29,19.7,12.2
2011/4/30,22.2,12.1
2011/5/1,20,15
2011/5/2,24.2,14.6
2011/5/3,18.2,13.8
2011/5/4,22.1,13.5
2011/5/5,17.8,13.6
2011/5/6,20.6,12.9
2011/5/7,17.7,15
2011/5/8,26.5,13.9
2011/5/9,23.6,16
2011/5/10,29.2,17.5
2011/5/11,17.5,14.2
2011/5/12,16.2,14.1
2011/5/13,24,16.1
2011/5/14,25.3,15.5
2011/5/15,25.2,15.9
2011/5/16,23.4,17.6
2011/5/17,20.8,14.2
2011/5/18,23.9,14.3
2011/5/19,25.9,14.9
2011/5/20,26.2,17.8
2011/5/21,26.7,18.9
2011/5/22,27.4,15.6
2011/5/23,18.4,13
2011/5/24,18,11.8
2011/5/25,23.5,12.5
2011/5/26,22.3,16.7
2011/5/27,20.5,16.8
2011/5/28,19,16.6
2011/5/29,19.1,16.5
2011/5/30,22.3,16
2011/5/31,17.9,12.5
2011/6/1,18.2,12.4
2011/6/2,17.5,14.3
2011/6/3,24.2,14.8
2011/6/4,26.9,17.8
2011/6/5,27,18.5
2011/6/6,28.5,17.4
2011/6/7,23.4,19.1
2011/6/8,23.3,17.3
2011/6/9,25.6,17.7
2011/6/10,26.5,20.1
2011/6/11,23.4,19.5
2011/6/12,26.1,20.1
2011/6/13,22.7,18
2011/6/14,23.4,19.5
2011/6/15,22.9,19.7
2011/6/16,23.2,17.7
2011/6/17,21.4,17.2
2011/6/18,22.1,18.3
2011/6/19,24.5,19.4
2011/6/20,25.1,20.6
2011/6/21,28.1,22.5
2011/6/22,32.2,21.3
2011/6/23,30.6,25.1
2011/6/24,30.6,24.9
2011/6/25,31.7,20.8
2011/6/26,24.5,19.8
2011/6/27,26.1,20.6
2011/6/28,33.8,24.2
2011/6/29,34.5,24.7
2011/6/30,33.7,22.8
2011/7/1,32.6,24.7
2011/7/2,31.1,24.4
2011/7/3,31.6,24.6
2011/7/4,32.4,25.9
2011/7/5,32.9,24
2011/7/6,32,24.1
2011/7/7,29,23
2011/7/8,30.7,26
2011/7/9,32.5,25.4
2011/7/10,33.1,24.7
2011/7/11,33,24.7
2011/7/12,32.6,25.4
2011/7/13,32.4,25
2011/7/14,33.2,24.8
2011/7/15,34,24.5
2011/7/16,33.2,25
2011/7/17,34.1,25
2011/7/18,33.8,26.8
2011/7/19,28.3,24.2
2011/7/20,28.3,20.9
2011/7/21,23.5,18.2
2011/7/22,25.5,17.6
2011/7/23,29.4,19.3
2011/7/24,29.5,22.8
2011/7/25,31.1,24.6
2011/7/26,28.6,25.3
2011/7/27,30.9,25.2
2011/7/28,28.4,24.2
2011/7/29,29.9,24.3
2011/7/30,29.7,23.1
2011/7/31,24.6,22.4
2011/8/1,27.9,22.1
2011/8/2,28.9,22.1
2011/8/3,30.9,23.8
2011/8/4,31.6,24.7
2011/8/5,31.6,24.6
2011/8/6,33,25.7
2011/8/7,33.6,26
2011/8/8,34,25.4
2011/8/9,33.9,26.4
2011/8/10,34.3,26.5
2011/8/11,35.2,27.4
2011/8/12,34.9,27.4
2011/8/13,34,27.1
2011/8/14,34.1,26.7
2011/8/15,34.2,26.7
2011/8/16,34.4,27.1
2011/8/17,34.6,27.9
2011/8/18,34.9,28
2011/8/19,32.3,21.6
2011/8/20,25.3,21.4
2011/8/21,21.5,19.6
2011/8/22,23,19.8
2011/8/23,31.6,21.9
2011/8/24,31.8,24.5
2011/8/25,29.2,24.7
2011/8/26,31.9,23
2011/8/27,27.9,22.4
2011/8/28,29.9,22.2
2011/8/29,29.2,23.7
2011/8/30,31.5,22.5
2011/8/31,31.3,22
2011/9/1,31.2,25.9
2011/9/2,31.7,25.5
2011/9/3,30.4,26.3
2011/9/4,30,24.4
2011/9/5,28.6,22.9
2011/9/6,28.7,22.1
2011/9/7,28.9,21
2011/9/8,30.4,21.5
2011/9/9,31.5,24
2011/9/10,32.1,25.2
2011/9/11,31.7,25.2
2011/9/12,31.9,25.5
2011/9/13,32.5,24.9
2011/9/14,32.5,24.7
2011/9/15,32.3,24.9
2011/9/16,31.7,25.3
2011/9/17,31.1,25.7
2011/9/18,31.8,25.6
2011/9/19,32,20.8
2011/9/20,21.1,19.2
2011/9/21,26.4,17.6
2011/9/22,29.7,19.1
2011/9/23,22.7,18.3
2011/9/24,24.7,17.3
2011/9/25,24.1,17.7
2011/9/26,19.7,17.3
2011/9/27,24.4,17.7
2011/9/28,24.7,16.8
2011/9/29,25.5,17.4
2011/9/30,28.3,19.3
2011/10/1,24.5,19.4
2011/10/2,21.4,17.9
2011/10/3,22.6,16.2
2011/10/4,21.5,15
2011/10/5,19.1,13.7
2011/10/6,24,15.6
2011/10/7,26.1,17.7
2011/10/8,23.5,16.8
2011/10/9,22.9,15.1
2011/10/10,24,17.3
2011/10/11,24.3,16.8
2011/10/12,23.3,17.4
2011/10/13,23.5,16.7
2011/10/14,25.7,17.1
2011/10/15,27.5,20.5
2011/10/16,28.5,20.4
2011/10/17,24.7,17.6
2011/10/18,20.7,16.5
2011/10/19,17.2,14.9
2011/10/20,20,14.5
2011/10/21,20.7,16.2
2011/10/22,22.3,15.9
2011/10/23,24.8,20
2011/10/24,22.9,19.3
2011/10/25,26.1,18.1
2011/10/26,20.3,13.3
2011/10/27,18.3,12.5
2011/10/28,20,10.7
2011/10/29,21.2,11.7
2011/10/30,19.6,14.2
2011/10/31,21.7,14.8
2011/11/1,20.8,13.9
2011/11/2,20.5,12.1
2011/11/3,20.8,15.3
2011/11/4,22.1,14.2
2011/11/5,22.4,15.2
2011/11/6,19.3,17.2
2011/11/7,20.9,15.7
2011/11/8,17,13.2
2011/11/9,16.1,12.2
2011/11/10,15.5,11.8
2011/11/11,14,10.7
2011/11/12,19.9,12.7
2011/11/13,21.1,14.4
2011/11/14,19.8,13.4
2011/11/15,16,11.1
2011/11/16,16,9.4
2011/11/17,19.4,9.5
2011/11/18,18.8,10.4
2011/11/19,22.3,17.3
2011/11/20,23.5,13.4
2011/11/21,16.7,9.3
2011/11/22,13.9,6.8
2011/11/23,15,8
2011/11/24,17.6,9.8
2011/11/25,15.6,7.8
2011/11/26,12.8,7.9
2011/11/27,15.2,6.8
2011/11/28,14.3,9.1
2011/11/29,17.2,12
2011/11/30,19.1,11.8
2011/12/1,12.6,4.8
2011/12/2,7.1,4.1
2011/12/3,20,6.7
2011/12/4,18.8,9.7
2011/12/5,16,7.9
2011/12/6,9.6,6.5
2011/12/7,12.1,6.5
2011/12/8,9.4,6.6
2011/12/9,7.7,3.2
2011/12/10,11.5,2.3
2011/12/11,13.7,3.2
2011/12/12,14.3,4.9
2011/12/13,13.4,7
2011/12/14,9.4,5.1
2011/12/15,15.2,4.9
2011/12/16,13,4.7
2011/12/17,10.4,3
2011/12/18,11.8,2.5
2011/12/19,9.8,3.2
2011/12/20,11,3.3
2011/12/21,9.5,2.8
2011/12/22,8.2,3.8
2011/12/23,7.5,4
2011/12/24,8.5,2.9
2011/12/25,8.7,2.6
2011/12/26,8.7,1.1
2011/12/27,10.1,1.5
2011/12/28,9.8,2.7
2011/12/29,10.6,2
2011/12/30,10.1,3.7
2011/12/31,10.2,4.3
2012/1/1,9.5,2.9
2012/1/2,11.5,3.4
2012/1/3,10.9,2.8
2012/1/4,12.4,1.6
2012/1/5,10.4,2
2012/1/6,8.9,1.8
2012/1/7,9.4,2.8
2012/1/8,10.3,2.1
2012/1/9,10.1,2.3
2012/1/10,10.1,2.7
2012/1/11,11.1,2.3
2012/1/12,7.1,0.2
2012/1/13,10.6,0.6
2012/1/14,8.4,2.8
2012/1/15,6,2.4
2012/1/16,5.6,3.3
2012/1/17,7.7,3.2
2012/1/18,8.8,0.7
2012/1/19,10.4,2.3
2012/1/20,5.5,1.4
2012/1/21,3.6,2.4
2012/1/22,8.4,3.5
2012/1/23,8.7,0.7
2012/1/24,5.8,1.1
2012/1/25,9.5,-0.4
2012/1/26,6.5,0.6
2012/1/27,8.9,-1.3
2012/1/28,6.2,-0.2
2012/1/29,7.5,0.8
2012/1/30,6.7,0.2
2012/1/31,9,0.2
2012/2/1,12.2,0.7
2012/2/2,5.9,0.2
2012/2/3,6.7,-1.9
2012/2/4,12.2,-0.8
2012/2/5,7.9,2.6
2012/2/6,5.4,3.6
2012/2/7,16.9,4.6
2012/2/8,9.3,3.9
2012/2/9,9.9,1.7
2012/2/10,9,2.3
2012/2/11,8.9,2
2012/2/12,9.9,1.2
2012/2/13,9.6,2
2012/2/14,6.6,3.6
2012/2/15,11,4.7
2012/2/16,4.7,1.6
2012/2/17,9.5,1.7
2012/2/18,7.1,0.3
2012/2/19,7.5,-0.1
2012/2/20,10.1,0.4
2012/2/21,12.1,2.1
2012/2/22,9.4,5.7
2012/2/23,10.6,4.5
2012/2/24,15.4,7.5
2012/2/25,9.6,3.6
2012/2/26,7.7,3.6
2012/2/27,9.7,2
2012/2/28,6.5,0.4
2012/2/29,4.9,0.4
2012/3/1,11.6,2.6
2012/3/2,8.9,4.2
2012/3/3,10.7,3.8
2012/3/4,6.7,3.5
2012/3/5,9.9,2.4
2012/3/6,14.9,8.2
2012/3/7,13.8,10.6
2012/3/8,10.7,7.3
2012/3/9,8.8,5.3
2012/3/10,7.2,2.6
2012/3/11,10.9,4.4
2012/3/12,12.3,2.9
2012/3/13,11.6,2.3
2012/3/14,10.8,3.2
2012/3/15,13.6,3.3
2012/3/16,11.5,3.4
2012/3/17,11.3,5
2012/3/18,12.2,6.8
2012/3/19,12.1,6.1
2012/3/20,12,3.7
2012/3/21,13.3,4.5
2012/3/22,14.3,3.9
2012/3/23,11.6,7.5
2012/3/24,10.5,6.9
2012/3/25,13.1,5
2012/3/26,12,4.2
2012/3/27,14,3.9
2012/3/28,18.1,5.9
2012/3/29,16.6,6.5
2012/3/30,18.9,11.6
2012/3/31,19.4,7.1
2012/4/1,15.1,5
2012/4/2,15.9,6
2012/4/3,16.6,9.8
2012/4/4,17.2,7.7
2012/4/5,19.3,10
2012/4/6,14.4,6.7
2012/4/7,13.7,4.9
2012/4/8,14.3,4.8
2012/4/9,22.8,8
2012/4/10,20.3,11.4
2012/4/11,18.4,12.2
2012/4/12,22.3,11
2012/4/13,22,12.5
2012/4/14,13.9,8.5
2012/4/15,15,8.1
2012/4/16,16.9,8.5
2012/4/17,18.4,12
2012/4/18,19.6,10.4
2012/4/19,18,12.2
2012/4/20,16.2,11.7
2012/4/21,16.7,10.7
2012/4/22,13.6,9.7
2012/4/23,14.8,10.1
2012/4/24,23.4,13.3
2012/4/25,22,14.3
2012/4/26,20.3,15.5
2012/4/27,16.9,15.4
2012/4/28,22.8,15.1
2012/4/29,25.9,15
2012/4/30,22.2,17.9
2012/5/1,23.7,17.8
2012/5/2,19.6,16.6
2012/5/3,18.2,16.2
2012/5/4,22.6,16.9
2012/5/5,26.1,15.1
2012/5/6,25.6,15.5
2012/5/7,23.4,13.8
2012/5/8,23.6,15.3
2012/5/9,20.8,15.8
2012/5/10,21.6,13.6
2012/5/11,21.7,11.2
2012/5/12,20.6,12.5
2012/5/13,21,10.8
2012/5/14,24.7,14.4
2012/5/15,20.4,16.9
2012/5/16,27,16.5
2012/5/17,26.4,17.6
2012/5/18,21.9,14.7
2012/5/19,24.8,13.6
2012/5/20,24.5,17.3
2012/5/21,24,16.3
2012/5/22,16.3,12.6
2012/5/23,24.4,12.7
2012/5/24,25.2,16.9
2012/5/25,22.2,17.6
2012/5/26,26.2,16.7
2012/5/27,26.9,17.3
2012/5/28,25.3,18.1
2012/5/29,25.5,16.7
2012/5/30,24,15.9
2012/5/31,24,17.3
2012/6/1,25.9,18
2012/6/2,25.3,18
2012/6/3,24.4,17.9
2012/6/4,26.6,17.3
2012/6/5,22.4,17.3
2012/6/6,21.8,16.5
2012/6/7,24.7,16.2
2012/6/8,27.7,18.3
2012/6/9,20.8,17.7
2012/6/10,26.9,17.9
2012/6/11,22.2,17.3
2012/6/12,18.3,15.6
2012/6/13,20.4,14.8
2012/6/14,23.1,15.6
2012/6/15,24.5,16.1
2012/6/16,21.5,18.8
2012/6/17,27.2,19.5
2012/6/18,27.3,22.2
2012/6/19,25.3,21.3
2012/6/20,29.2,22.4
2012/6/21,25.5,21.2
2012/6/22,22.6,18.3
2012/6/23,24.8,19.4
2012/6/24,25.9,19.9
2012/6/25,19.9,16.7
2012/6/26,23.3,15.7
2012/6/27,25.1,16.4
2012/6/28,24.9,18.4
2012/6/29,26.4,20.4
2012/6/30,26.7,19.9
2012/7/1,23.9,19.6
2012/7/2,25.4,19.3
2012/7/3,28.1,21.2
2012/7/4,29.5,20.6
2012/7/5,28.3,22.9
2012/7/6,28,22.7
2012/7/7,27.1,20.6
2012/7/8,25.7,20.1
2012/7/9,29.1,19.9
2012/7/10,30.9,21.9
2012/7/11,29.8,22.5
2012/7/12,26.6,25.1
2012/7/13,29.5,23.9
2012/7/14,30.7,24.5
2012/7/15,30,25.4
2012/7/16,31.3,25.6
2012/7/17,33.2,25.6
2012/7/18,31.9,25.1
2012/7/19,34.3,22.5
2012/7/20,22.6,18.2
2012/7/21,21.1,17.6
2012/7/22,22.9,18.9
2012/7/23,28.9,21.1
2012/7/24,31.1,23.3
2012/7/25,32.4,24.1
2012/7/26,34.8,25.5
2012/7/27,33.6,26.2
2012/7/28,33.2,25.9
2012/7/29,32.5,26.5
2012/7/30,33.1,26.2
2012/7/31,33.3,25
2012/8/1,32.5,25.6
2012/8/2,33.7,26
2012/8/3,32.8,25.9
2012/8/4,31.3,25.7
2012/8/5,33.2,25.6
2012/8/6,29.5,24.1
2012/8/7,31.3,24.7
2012/8/8,29.4,23.8
2012/8/9,29.3,23
2012/8/10,31.2,23.1
2012/8/11,31.2,26.4
2012/8/12,31.5,25.6
2012/8/13,32.5,25.1
2012/8/14,29.1,25.2
2012/8/15,31.7,25.8
2012/8/16,32.4,26.5
2012/8/17,34.6,26.1
2012/8/18,30.7,24.7
2012/8/19,32.6,24.8
2012/8/20,33.6,24.5
2012/8/21,33.9,25
2012/8/22,33.5,26.2
2012/8/23,34.1,25.8
2012/8/24,33.6,26
2012/8/25,33.9,25.6
2012/8/26,34.2,25.7
2012/8/27,33.5,25.8
2012/8/28,33.7,26.3
2012/8/29,32.6,25.5
2012/8/30,34.4,25.9
2012/8/31,31.7,26.3
2012/9/1,30.9,24.2
2012/9/2,28.9,22.5
2012/9/3,31,22.5
2012/9/4,30.9,23
2012/9/5,32.2,23.9
2012/9/6,32,22.6
2012/9/7,31,22.9
2012/9/8,32,24.9
2012/9/9,32.7,24.8
2012/9/10,32.5,24.7
2012/9/11,32.6,22.7
2012/9/12,31,23.1
2012/9/13,32.5,24.3
2012/9/14,31.2,24.8
2012/9/15,30.1,24.7
2012/9/16,30.1,24.4
2012/9/17,30.5,24.1
2012/9/18,30.1,24.5
2012/9/19,27.6,23.9
2012/9/20,30.4,24.1
2012/9/21,28.7,23.3
2012/9/22,26.1,20.4
2012/9/23,22.1,18
2012/9/24,27.1,18.9
2012/9/25,21.8,17.9
2012/9/26,25.4,18.6
2012/9/27,24.5,18.3
2012/9/28,24.4,19.7
2012/9/29,28.5,21
2012/9/30,28.8,22
2012/10/1,29.6,23.2
2012/10/2,26.4,21.2
2012/10/3,21.6,17.9
2012/10/4,28.3,17.6
2012/10/5,27.3,20.2
2012/10/6,27.2,21.2
2012/10/7,21.4,17.4
2012/10/8,23.4,17.7
2012/10/9,23.3,16.6
2012/10/10,23.1,15.6
2012/10/11,25.1,17.2
2012/10/12,24.1,17.8
2012/10/13,25.4,16.1
2012/10/14,19.2,16.1
2012/10/15,25.2,16.3
2012/10/16,22.3,15.8
2012/10/17,21.9,14.6
2012/10/18,20.7,14.1
2012/10/19,21,12.3
2012/10/20,21.6,14.6
2012/10/21,24.4,14.1
2012/10/22,23.7,14.7
2012/10/23,24.1,13.6
2012/10/24,21.1,13.2
2012/10/25,18.9,13.9
2012/10/26,21.9,13.2
2012/10/27,20.4,15.1
2012/10/28,16.3,13.7
2012/10/29,22.2,13.9
2012/10/30,17.3,12.4
2012/10/31,19,11.3
2012/11/1,21,10.2
2012/11/2,19.5,11.1
2012/11/3,18,12
2012/11/4,19.1,10.4
2012/11/5,16,10.6
2012/11/6,15.2,12.1
2012/11/7,20.2,12.8
2012/11/8,19.5,10.5
2012/11/9,19.6,12.4
2012/11/10,19.9,11.3
2012/11/11,14.3,10.9
2012/11/12,20.9,11.9
2012/11/13,18.2,12
2012/11/14,17.5,9.1
2012/11/15,15.9,7
2012/11/16,16.1,9
2012/11/17,17.8,11
2012/11/18,17.2,9.4
2012/11/19,11.4,6.9
2012/11/20,16.8,5.7
2012/11/21,14.8,8.4
2012/11/22,12.7,6.7
2012/11/23,13.4,8.3
2012/11/24,12.6,8.7
2012/11/25,12.1,5.5
2012/11/26,11.2,6.6
2012/11/27,13.8,7
2012/11/28,8.2,6.1
2012/11/29,15.8,4.3
2012/11/30,12.9,8.6
2012/12/1,11.8,4.6
2012/12/2,8.7,3.4
2012/12/3,8.8,3.2
2012/12/4,12.9,8.2
2012/12/5,12.8,5.9
2012/12/6,16.6,6.9
2012/12/7,11.4,4.9
2012/12/8,15.7,4.7
2012/12/9,10.4,2.9
2012/12/10,10.9,1.2
2012/12/11,12,2.4
2012/12/12,11.1,2.8
2012/12/13,12,2.4
2012/12/14,12.1,2.6
2012/12/15,11.4,5.6
2012/12/16,18.1,7.4
2012/12/17,9.5,5.9
2012/12/18,15.4,7.1
2012/12/19,9,3.5
2012/12/20,10,2.6
2012/12/21,9.2,2.8
2012/12/22,9.6,3
2012/12/23,9.6,4.1
2012/12/24,8.3,2.9
2012/12/25,10.4,0.4
2012/12/26,7.5,0.9
2012/12/27,6.9,0.7
2012/12/28,7.5,1.2
2012/12/29,11.7,3
2012/12/30,8.9,5.9
2012/12/31,11.3,4.6
2013/1/1,10.3,1.8
2013/1/2,13.6,5.5
2013/1/3,9.5,1.9
2013/1/4,7,0.4
2013/1/5,5.2,1.1
2013/1/6,9.5,-0.5
2013/1/7,7.6,3.1
2013/1/8,10.8,2
2013/1/9,9.9,4.2
2013/1/10,8.3,3.3
2013/1/11,9.1,1.1
2013/1/12,12.9,0.6
2013/1/13,12.7,1.9
2013/1/14,9.3,0.3
2013/1/15,7.5,2.5
2013/1/16,6.7,1.9
2013/1/17,8.5,0.7
2013/1/18,7.2,0.4
2013/1/19,9.8,0
2013/1/20,10.9,1.6
2013/1/21,9.9,2.9
2013/1/22,9.2,2.8
2013/1/23,8.7,2.9
2013/1/24,9,2.1
2013/1/25,12.2,2.9
2013/1/26,8.3,0.7
2013/1/27,9.1,0.2
2013/1/28,11.2,0.8
2013/1/29,11.8,2.1
2013/1/30,14.5,2.9
2013/1/31,8.5,1.4
2013/2/1,12.4,2.1
2013/2/2,20.3,11.7
2013/2/3,12,6
2013/2/4,15,6.1
2013/2/5,10.8,5.6
2013/2/6,8.9,1.7
2013/2/7,14.7,3
2013/2/8,7.6,1.8
2013/2/9,8.6,1.2
2013/2/10,10.3,1.7
2013/2/11,9.6,2
2013/2/12,6.5,0.7
2013/2/13,12.7,1.1
2013/2/14,9.5,4.7
2013/2/15,6.3,3
2013/2/16,6.2,0.6
2013/2/17,7.8,0.1
2013/2/18,8.4,2
2013/2/19,8.6,0.8
2013/2/20,7.3,1.3
2013/2/21,8,0.3
2013/2/22,9.9,0.7
2013/2/23,8.9,2.7
2013/2/24,9.3,0.2
2013/2/25,8.7,-0.4
2013/2/26,9,0
2013/2/27,8.5,2.3
2013/2/28,14.2,3.6
2013/3/1,17.4,10
2013/3/2,12.6,5
2013/3/3,8.9,3.6
2013/3/4,9.8,4.4
2013/3/5,13.3,3
2013/3/6,18.3,4.3
2013/3/7,18.7,7.7
2013/3/8,22.4,13.3
2013/3/9,22.4,12.7
2013/3/10,23.8,5.5
2013/3/11,12.4,3.6
2013/3/12,16.7,4.6
2013/3/13,21,12.7
2013/3/14,17.6,5.8
2013/3/15,14.3,5.3
2013/3/16,18.4,6.9
2013/3/17,16.8,6.9
2013/3/18,20.9,13.9
2013/3/19,24.5,15.9
2013/3/20,21.4,14.9
2013/3/21,16.7,7.4
2013/3/22,18.9,7.9
2013/3/23,18.2,11.2
2013/3/24,13.8,9.9
2013/3/25,11.2,7.1
2013/3/26,12.4,5
2013/3/27,10.1,5.7
2013/3/28,20.3,8.6
2013/3/29,20.2,12.5
2013/3/30,12.5,8.6
2013/3/31,9.2,6.8
2013/4/1,15.1,6.7
2013/4/2,11.6,8
2013/4/3,15.9,11
2013/4/4,21.4,9.5
2013/4/5,22.6,13.1
2013/4/6,20.1,15
2013/4/7,22.1,12.1
2013/4/8,19.3,10
2013/4/9,21,10.2
2013/4/10,17.3,8.4
2013/4/11,13.1,6.4
2013/4/12,17.6,6.8
2013/4/13,16.7,7.4
2013/4/14,20.6,11
2013/4/15,24.5,12.5
2013/4/16,21.4,10.9
2013/4/17,21.9,18.6
2013/4/18,23.3,15.6
2013/4/19,18.9,9.9
2013/4/20,10.8,5.8
2013/4/21,10.4,5.1
2013/4/22,16.7,6.8
2013/4/23,19,7.9
2013/4/24,18.1,15
2013/4/25,21.8,13.2
2013/4/26,23.1,11.5
2013/4/27,20.8,9.9
2013/4/28,21,11.3
2013/4/29,22.1,11.7
2013/4/30,21.4,16.1
2013/5/1,17.9,10.6
2013/5/2,19.2,9.7
2013/5/3,18.4,11
2013/5/4,20.7,11.2
2013/5/5,22,13.5
2013/5/6,24.6,14.8
2013/5/7,20.6,10.7
2013/5/8,21.1,9.1
2013/5/9,24.1,12.7
2013/5/10,26.8,15.7
2013/5/11,20.1,17.1
2013/5/12,25,16.1
2013/5/13,24.1,16.8
2013/5/14,27.5,17
2013/5/15,24.8,17.4
2013/5/16,25,15.2
2013/5/17,22.6,13.5
2013/5/18,24,15.7
2013/5/19,22.9,16.6
2013/5/20,20.2,15.9
2013/5/21,26.6,19.4
2013/5/22,26.5,18.8
2013/5/23,24.9,18.3
2013/5/24,26.7,16.9
2013/5/25,23,14.7
2013/5/26,25.9,18.2
2013/5/27,25.7,18.4
2013/5/28,24.9,19.4
2013/5/29,25,19.8
2013/5/30,22,19.4
2013/5/31,25.8,18.4
2013/6/1,22.9,16.9
2013/6/2,22.5,15.1
2013/6/3,24.5,14.8
2013/6/4,27.8,17.5
2013/6/5,26.6,18.6
2013/6/6,24.2,19.2
2013/6/7,24.3,19.2
2013/6/8,25.9,18.5
2013/6/9,27.4,19.2
2013/6/10,26.4,19.7
2013/6/11,21.9,19.5
2013/6/12,22.3,18.7
2013/6/13,21.6,20.3
2013/6/14,26.6,20.2
2013/6/15,30,21.7
2013/6/16,25.1,21.1
2013/6/17,29,20.7
2013/6/18,30.3,22.8
2013/6/19,26.8,23.1
2013/6/20,23.1,19.6
2013/6/21,23.2,18.7
2013/6/22,26,18
2013/6/23,27.3,19.7
2013/6/24,27.1,20.1
2013/6/25,26.6,21.1
2013/6/26,22.5,19.1
2013/6/27,26.5,18.3
2013/6/28,26.1,18.8
2013/6/29,27.9,20.7
2013/6/30,28,21.4
2013/7/1,25.5,21.3
2013/7/2,27.7,20
2013/7/3,26.2,21.3
2013/7/4,25.8,22.5
2013/7/5,27.2,23.5
2013/7/6,31.2,24.5
2013/7/7,32.8,25.1
2013/7/8,34.7,24.7
2013/7/9,33.9,25.1
2013/7/10,33.6,25.3
2013/7/11,33.5,26.5
2013/7/12,34.4,26.6
2013/7/13,33.3,26
2013/7/14,33.5,25.5
2013/7/15,35.3,23.1
2013/7/16,29.1,22.3
2013/7/17,28.8,22.1
2013/7/18,33,23
2013/7/19,30,21.6
2013/7/20,27,21.4
2013/7/21,28.5,20.9
2013/7/22,29,23.3
2013/7/23,32.1,23.8
2013/7/24,25.9,23.6
2013/7/25,29.5,23.8
2013/7/26,31.9,24
2013/7/27,32.1,22.2
2013/7/28,30.7,22.5
2013/7/29,26.6,24
2013/7/30,30.6,24.5
2013/7/31,29.9,24.6
2013/8/1,31.7,24.5
2013/8/2,28.6,23.4
2013/8/3,30.4,23.1
2013/8/4,31.1,23.9
2013/8/5,32.6,25.9
2013/8/6,31.4,26.5
2013/8/7,34.1,25.3
2013/8/8,33.7,26.4
2013/8/9,34.2,26.6
2013/8/10,36.7,27.6
2013/8/11,37.4,28.4
2013/8/12,35.1,27.8
2013/8/13,33.6,25.3
2013/8/14,34.6,26.5
2013/8/15,34.2,25.4
2013/8/16,34,26.6
2013/8/17,32.8,26.2
2013/8/18,33.2,26.5
2013/8/19,34.2,26.9
2013/8/20,33.9,27.2
2013/8/21,33.7,26.9
2013/8/22,32.7,25.5
2013/8/23,32.7,24.7
2013/8/24,32.1,24.6
2013/8/25,26.4,21.8
2013/8/26,28.8,22.5
2013/8/27,29.6,19.6
2013/8/28,32.1,22.3
2013/8/29,31.2,23.9
2013/8/30,34.6,26.8
2013/8/31,33.7,26.9
2013/9/1,34.3,26.5
2013/9/2,32.6,25.4
2013/9/3,33.5,26.1
2013/9/4,30.8,23.7
2013/9/5,28.1,24.6
2013/9/6,28.4,24
2013/9/7,29.4,23.4
2013/9/8,29.9,21.7
2013/9/9,27.8,21.5
2013/9/10,26.9,22.1
2013/9/11,26.3,21.8
2013/9/12,31.3,22.5
2013/9/13,31.5,23.8
2013/9/14,31.2,25.4
2013/9/15,30.6,22.8
2013/9/16,28.4,22
2013/9/17,27.4,19.2
2013/9/18,27.6,19
2013/9/19,28.2,18.8
2013/9/20,29,19.6
2013/9/21,29.7,20.9
2013/9/22,30.4,21.9
2013/9/23,24.2,17.2
2013/9/24,26.5,16.9
2013/9/25,23.8,21.2
2013/9/26,23.9,18.1
2013/9/27,22.9,16.7
2013/9/28,24.7,15.1
2013/9/29,26.1,19.2
2013/9/30,25.8,17.8
2013/10/1,22.9,18.6
2013/10/2,26.8,20.6
2013/10/3,28.9,20.7
2013/10/4,20.7,16.4
2013/10/5,19.2,15.4
2013/10/6,25.4,18.8
2013/10/7,27.1,20.7
2013/10/8,28.7,21.7
2013/10/9,28.1,23.7
2013/10/10,28.9,22.1
2013/10/11,28.7,21.6
2013/10/12,30.8,19.6
2013/10/13,26,17.4
2013/10/14,24.8,15.7
2013/10/15,20.3,16.7
2013/10/16,25.8,16
2013/10/17,20.6,15.9
2013/10/18,20.4,15.5
2013/10/19,18.4,14.5
2013/10/20,15.7,13.5
2013/10/21,21.1,15.3
2013/10/22,19.6,16.9
2013/10/23,19.3,15.7
2013/10/24,16.8,15
2013/10/25,20.1,15.5
2013/10/26,17.2,13.9
2013/10/27,20.7,12.2
2013/10/28,19.4,12.2
2013/10/29,15.4,12.8
2013/10/30,20.8,14.4
2013/10/31,21.1,12.9
2013/11/1,20.6,12.8
2013/11/2,16.2,12.7
2013/11/3,18.7,14.4
2013/11/4,17.4,14.5
2013/11/5,19,12.9
2013/11/6,20.6,10.6
2013/11/7,20.8,13
2013/11/8,20.9,12.6
2013/11/9,14.7,11.4
2013/11/10,21.9,11.4
2013/11/11,17.1,8.5
2013/11/12,12.2,7.6
2013/11/13,13.7,6.7
2013/11/14,13.9,5.6
2013/11/15,14,9.3
2013/11/16,17.4,8.2
2013/11/17,19.3,8.7
2013/11/18,19.2,10.4
2013/11/19,15.7,8.6
2013/11/20,15.8,7.5
2013/11/21,16.5,8
2013/11/22,16.5,7.1
2013/11/23,16,8.3
2013/11/24,17.1,7.2
2013/11/25,19.3,9.9
2013/11/26,18.5,10.7
2013/11/27,15.8,9.5
2013/11/28,17.6,8.3
2013/11/29,13.3,6.3
2013/11/30,13.6,4.4
2013/12/1,14.7,5.2
2013/12/2,15.2,6.5
2013/12/3,15.6,6.7
2013/12/4,15,7.6
2013/12/5,15.4,7
2013/12/6,17.7,6.9
2013/12/7,14.2,8.1
2013/12/8,10.6,7.4
2013/12/9,10.7,5.8
2013/12/10,13.5,5.9
2013/12/11,13.1,5.7
2013/12/12,13,6.8
2013/12/13,13.9,4.2
2013/12/14,11.3,4.4
2013/12/15,11.6,3.9
2013/12/16,12.6,5.2
2013/12/17,12,6.8
2013/12/18,7.8,2.9
2013/12/19,7.2,3
2013/12/20,11.2,3.3
2013/12/21,10.7,2.3
2013/12/22,11.9,4.7
2013/12/23,8.9,4
2013/12/24,12,4.2
2013/12/25,9.6,3.3
2013/12/26,10.7,3.5
2013/12/27,8.8,4.5
2013/12/28,9.8,2.3
2013/12/29,9,1.1
2013/12/30,10.5,1.5
2013/12/31,13,1.9
2014/1/1,14.7,3.2
2014/1/2,12.6,5
2014/1/3,9.5,4.1
2014/1/4,11.8,3.3
2014/1/5,7.3,3.9
2014/1/6,10.7,2.5
2014/1/7,9.4,2.1
2014/1/8,13.5,3.1
2014/1/9,10.3,2.8
2014/1/10,6.3,1.7
2014/1/11,8,0.6
2014/1/12,10.5,1.1
2014/1/13,9.3,2
2014/1/14,7.5,1.4
2014/1/15,4.4,1.5
2014/1/16,8.4,-0.4
2014/1/17,9.9,3.2
2014/1/18,7.6,2.7
2014/1/19,7.9,2
2014/1/20,8.8,1.1
2014/1/21,10.7,1.9
2014/1/22,9.2,1.9
2014/1/23,10.6,1.5
2014/1/24,13.4,1.9
2014/1/25,13.2,3.6
2014/1/26,15.1,2.8
2014/1/27,7.3,1.1
2014/1/28,14.8,1.5
2014/1/29,11.7,4.3
2014/1/30,16.4,5.5
2014/1/31,15.5,5.6
2014/2/1,11.6,4.7
2014/2/2,12.4,5.6
2014/2/3,19.1,7
2014/2/4,12.6,0.5
2014/2/5,5.4,-0.4
2014/2/6,5.9,-0.5
2014/2/7,7.7,1.7
2014/2/8,4.6,-1.1
2014/2/9,9,1.3
2014/2/10,8.5,3.5
2014/2/11,4.7,2.2
2014/2/12,8.9,2.7
2014/2/13,6.7,2.4
2014/2/14,4.9,-0.3
2014/2/15,7.9,-0.3
2014/2/16,11,3.4
2014/2/17,12.3,3.3
2014/2/18,8.8,2.3
2014/2/19,8.6,1.8
2014/2/20,6.9,0.7
2014/2/21,10.5,2.5
2014/2/22,8.9,1.9
2014/2/23,9.3,3.3
2014/2/24,9.1,4.1
2014/2/25,12.5,3
2014/2/26,14.8,3.6
2014/2/27,14.5,6.4
2014/2/28,18.9,9.1
2014/3/1,12.1,6.8
2014/3/2,7.7,4.7
2014/3/3,10,4
2014/3/4,11,2.9
2014/3/5,8.8,4.3
2014/3/6,8.9,2.7
2014/3/7,9,1.6
2014/3/8,9.9,1.1
2014/3/9,10.4,3.4
2014/3/10,9.7,2
2014/3/11,10.5,1
2014/3/12,17.1,3.2
2014/3/13,17.9,8.4
2014/3/14,17,6.4
2014/3/15,12.2,4.8
2014/3/16,17.2,4.3
2014/3/17,17.1,6.9
2014/3/18,19.8,8.5
2014/3/19,13.5,9
2014/3/20,10.1,6.4
2014/3/21,14.2,7.1
2014/3/22,13.8,4.6
2014/3/23,16.2,6.5
2014/3/24,18.7,6.5
2014/3/25,22.1,11.1
2014/3/26,18.2,13.3
2014/3/27,15.4,10.1
2014/3/28,20.7,8
2014/3/29,21.4,13.2
2014/3/30,18.3,14.5
2014/3/31,20.9,12.2
2014/4/1,17.4,10.8
2014/4/2,18.9,9.6
2014/4/3,14,12.2
2014/4/4,20.9,11.4
2014/4/5,14.6,8.4
2014/4/6,12.3,5.6
2014/4/7,15.8,4.6
2014/4/8,21.1,8.6
2014/4/9,19.7,11.1
2014/4/10,23.4,10.6
2014/4/11,17.8,7.7
2014/4/12,18.2,8.4
2014/4/13,17.6,9.5
2014/4/14,17.3,11.2
2014/4/15,21.2,10.2
2014/4/16,22.8,12.3
2014/4/17,22.2,13.2
2014/4/18,16.8,8.5
2014/4/19,17,9
2014/4/20,14.2,7.7
2014/4/21,16.2,9.1
2014/4/22,18.1,11.9
2014/4/23,20.4,11.1
2014/4/24,20.9,12.1
2014/4/25,22.8,12.1
2014/4/26,23.3,13.2
2014/4/27,22.8,13.3
2014/4/28,23,14
2014/4/29,20.9,14.4
2014/4/30,18.2,13.7
2014/5/1,23.4,17.3
2014/5/2,25.5,16.6
2014/5/3,26.1,15.5
2014/5/4,23.2,14.2
2014/5/5,20.3,15.2
2014/5/6,17,12.3
2014/5/7,21.8,10.8
2014/5/8,21.7,14.3
2014/5/9,25.9,14.3
2014/5/10,25.2,13
2014/5/11,25.7,14.7
2014/5/12,22.7,15.6
2014/5/13,22.3,16.4
2014/5/14,26.1,16.8
2014/5/15,22,16.7
2014/5/16,26.3,15.9
2014/5/17,25.8,15.5
2014/5/18,25.5,15.5
2014/5/19,25,16.4
2014/5/20,24.8,17.3
2014/5/21,19.4,15.5
2014/5/22,24,14.4
2014/5/23,21.6,14.2
2014/5/24,24.1,14.9
2014/5/25,24.9,19.1
2014/5/26,23.8,17.5
2014/5/27,27,17
2014/5/28,27,18.4
2014/5/29,26.7,17.8
2014/5/30,28.5,17.7
2014/5/31,30.3,18.9
2014/6/1,30.6,18.8
2014/6/2,31,18.7
2014/6/3,28.1,19.5
2014/6/4,28,19.8
2014/6/5,22,18.3
2014/6/6,20.5,18.6
2014/6/7,19.1,17.5
2014/6/8,24.1,17.6
2014/6/9,26.5,19
2014/6/10,27.9,20.5
2014/6/11,23.1,19.6
2014/6/12,23.7,20.5
2014/6/13,29.9,19.4
2014/6/14,29.1,20.1
2014/6/15,29.7,19.7
2014/6/16,29.1,20.2
2014/6/17,27.3,20.3
2014/6/18,22.8,19.5
2014/6/19,28.1,20
2014/6/20,27.4,20.6
2014/6/21,27.6,21.4
2014/6/22,23.2,20.7
2014/6/23,28.1,20.1
2014/6/24,25.9,20
2014/6/25,26.3,19.7
2014/6/26,27.9,20.2
2014/6/27,27,21.7
2014/6/28,23.4,21.5
2014/6/29,28.6,20.9
2014/6/30,26.6,20.9
2014/7/1,29.7,21.7
2014/7/2,30.8,22.1
2014/7/3,27.2,20.9
2014/7/4,22.8,20.5
2014/7/5,23.1,20
2014/7/6,27.4,19.9
2014/7/7,25.7,20.7
2014/7/8,31.3,21.9
2014/7/9,24.8,22.6
2014/7/10,28.6,23.3
2014/7/11,33.8,23.7
2014/7/12,32.7,25.4
2014/7/13,28.1,23.5
2014/7/14,33.3,24.6
2014/7/15,32.4,24.4
2014/7/16,32.5,23.3
2014/7/17,30.8,23.9
2014/7/18,27.3,22.9
2014/7/19,25,22.4
2014/7/20,29.3,22
2014/7/21,29,21.5
2014/7/22,31.5,23.3
2014/7/23,32.2,24.7
2014/7/24,33.7,25.1
2014/7/25,35.2,25.1
2014/7/26,34.1,26.2
2014/7/27,34.3,26
2014/7/28,30.6,23.7
2014/7/29,31.3,23.1
2014/7/30,31,23.5
2014/7/31,33,24.7
2014/8/1,33.4,25.2
2014/8/2,34.5,25.3
2014/8/3,33.5,26.3
2014/8/4,31.9,26.2
2014/8/5,33.7,26.7
2014/8/6,33.3,26.6
2014/8/7,32.7,25.9
2014/8/8,31.9,25.5
2014/8/9,27.2,22.2
2014/8/10,28.4,22.1
2014/8/11,30.7,25.9
2014/8/12,29.2,21.8
2014/8/13,30.4,21.9
2014/8/14,30.6,24.8
2014/8/15,31.5,25.3
2014/8/16,32.6,23.8
2014/8/17,32.3,24
2014/8/18,33.7,25.8
2014/8/19,32.7,25.8
2014/8/20,34.5,26.1
2014/8/21,34,26.5
2014/8/22,33.6,25.9
2014/8/23,29,23.8
2014/8/24,32.3,24.6
2014/8/25,28.2,25.2
2014/8/26,27.9,23.7
2014/8/27,23.9,19.7
2014/8/28,21.9,19.4
2014/8/29,24.9,20.7
2014/8/30,25.3,19.8
2014/8/31,26.3,20.4
2014/9/1,22.6,19.8
2014/9/2,29.3,19.6
2014/9/3,27.7,21.4
2014/9/4,28.1,21.5
2014/9/5,30.9,24
2014/9/6,30.2,23.5
2014/9/7,23.8,19.1
2014/9/8,23.4,19.7
2014/9/9,28.1,19.8
2014/9/10,27.8,21.3
2014/9/11,25.7,20.6
2014/9/12,27.2,19
2014/9/13,27.4,19.8
2014/9/14,27.7,19.2
2014/9/15,26.7,20.9
2014/9/16,29.1,21.2
2014/9/17,27.3,21.5
2014/9/18,25.6,20.1
2014/9/19,24.7,19
2014/9/20,21.5,18.7
2014/9/21,25.6,15.8
2014/9/22,26.3,18.6
2014/9/23,26.1,18
2014/9/24,25.8,18.9
2014/9/25,28.5,21.1
2014/9/26,27.5,19.6
2014/9/27,23.6,17.5
2014/9/28,27.2,18
2014/9/29,28.3,19.2
2014/9/30,27.4,20.2
2014/10/1,23,19.1
2014/10/2,23.9,19.1
2014/10/3,30.2,21.7
2014/10/4,25.3,22.2
2014/10/5,22.6,15.2
2014/10/6,28.7,16.1
2014/10/7,22.3,17.8
2014/10/8,23.5,16.4
2014/10/9,24.5,17.4
2014/10/10,25.8,17.6
2014/10/11,22.3,17.9
2014/10/12,20.7,16.9
2014/10/13,24.1,15.4
2014/10/14,27.2,18.8
2014/10/15,18.8,12.9
2014/10/16,20.4,12.7
2014/10/17,23.5,13.7
2014/10/18,21.3,13.8
2014/10/19,22.7,13.1
2014/10/20,24.2,15.2
2014/10/21,21.4,16.3
2014/10/22,21.9,13.6
2014/10/23,14.6,12.7
2014/10/24,20.3,12.5
2014/10/25,22.4,12.9
2014/10/26,23.7,16.1
2014/10/27,22.7,14.4
2014/10/28,20.4,13.1
2014/10/29,20.8,11.4
2014/10/30,21.1,11.5
2014/10/31,20,14.6
2014/11/1,17.8,15.1
2014/11/2,22.3,15.1
2014/11/3,21,13.6
2014/11/4,20,12.1
2014/11/5,17.3,12.1
2014/11/6,20,14.5
2014/11/7,21.1,14.6
2014/11/8,14.8,12.2
2014/11/9,17.9,12.6
2014/11/10,21.7,13
2014/11/11,16.3,13.2
2014/11/12,18.1,12.1
2014/11/13,19,10.7
2014/11/14,15.9,8.3
2014/11/15,16.6,8.2
2014/11/16,15.3,8
2014/11/17,14.9,8.3
2014/11/18,16.6,9.7
2014/11/19,15.8,9.5
2014/11/20,10.7,6.8
2014/11/21,16.7,7.5
2014/11/22,18.3,9.8
2014/11/23,19.2,9.1
2014/11/24,16.1,11.1
2014/11/25,12,9.2
2014/11/26,10.3,8.5
2014/11/27,16.3,8.6
2014/11/28,15.8,11.4
2014/11/29,20.2,12.2
2014/11/30,17.8,11.5
2014/12/1,17.1,12.5
2014/12/2,14.1,5.8
2014/12/3,12.2,5
2014/12/4,13,7.7
2014/12/5,13.9,4.9
2014/12/6,9.7,3.2
2014/12/7,10.8,2.8
2014/12/8,11.4,4.3
2014/12/9,13.3,4
2014/12/10,10.5,4.7
2014/12/11,16.5,6.4
2014/12/12,11.4,6.8
2014/12/13,11.9,3.6
2014/12/14,9,2.2
2014/12/15,11,2
2014/12/16,8.4,2.6
2014/12/17,7.8,1.9
2014/12/18,9.6,0.4
2014/12/19,9.4,2
2014/12/20,9.7,4.4
2014/12/21,12.5,5.7
2014/12/22,10.9,4.7
2014/12/23,11.2,3.5
2014/12/24,13.6,3.8
2014/12/25,11.2,4.1
2014/12/26,10.4,1.5
2014/12/27,8.9,3
2014/12/28,8,0.8
2014/12/29,7.1,2.8
2014/12/30,14.5,4.5
2014/12/31,13.2,3.7
2015/1/1,9,0.6
2015/1/2,7.7,-0.8
2015/1/3,8.5,0.3
2015/1/4,9.5,1
2015/1/5,13.3,2.7
2015/1/6,16.6,6.5
2015/1/7,9.6,3.6
2015/1/8,11.7,2.7
2015/1/9,11.6,3.3
2015/1/10,11.7,2.3
2015/1/11,11.8,1.3
2015/1/12,10.4,3.1
2015/1/13,11.1,2.9
2015/1/14,10,2.7
2015/1/15,8.6,4
2015/1/16,11.7,4.4
2015/1/17,11.4,2.7
2015/1/18,10.1,0.8
2015/1/19,10.5,1
2015/1/20,12,3.2
2015/1/21,5.2,1.7
2015/1/22,5.5,3.8
2015/1/23,13.6,4.6
2015/1/24,8.4,3.5
2015/1/25,11.6,2.2
2015/1/26,13.8,6.5
2015/1/27,15.3,6.7
2015/1/28,8.2,2
2015/1/29,8,1.4
2015/1/30,6,0.8
2015/1/31,11.1,2.6
2015/2/1,9,1.7
2015/2/2,9.8,2.3
2015/2/3,9,2.8
2015/2/4,8.7,3.6
2015/2/5,5.8,1.4
2015/2/6,11.4,1
2015/2/7,9,3.1
2015/2/8,7,2.4
2015/2/9,4.7,1.2
2015/2/10,8.8,-0.7
2015/2/11,11.6,1.4
2015/2/12,13.9,3.6
2015/2/13,10.3,1.9
2015/2/14,10.4,0.5
2015/2/15,11.7,1.8
2015/2/16,11.4,2.4
2015/2/17,6.4,3.1
2015/2/18,4.4,2.9
2015/2/19,13.5,2.2
2015/2/20,10.4,3.5
2015/2/21,10.3,3
2015/2/22,14.2,4.7
2015/2/23,20.7,8.2
2015/2/24,14.1,9.2
2015/2/25,12.2,8.2
2015/2/26,8.7,6
2015/2/27,14.2,5.2
2015/2/28,12.1,4.5
2015/3/1,9.2,5.8
2015/3/2,14.1,6.6
2015/3/3,8.7,4.5
2015/3/4,17.8,3.4
2015/3/5,13.8,6.3
2015/3/6,12,5.5
2015/3/7,7.9,4
2015/3/8,10.8,5.9
2015/3/9,10.6,8.4
2015/3/10,14.6,3.2
2015/3/11,10.7,2.1
2015/3/12,13.4,4.1
2015/3/13,14.4,4.1
2015/3/14,12.8,7.1
2015/3/15,13.2,6.2
2015/3/16,13.6,7.9
2015/3/17,20.7,9.9
2015/3/18,20.9,11.6
2015/3/19,20.4,10.8
2015/3/20,15.4,10
2015/3/21,13,9.1
2015/3/22,18.6,7.4
2015/3/23,16.1,6.1
2015/3/24,14.5,3.9
2015/3/25,14,4.7
2015/3/26,13.8,5.2
2015/3/27,18.4,6.3
2015/3/28,20.4,9.6
2015/3/29,19.7,11.8
2015/3/30,21.8,11.2
2015/3/31,21.2,11.2
2015/4/1,20.2,9.1
2015/4/2,16.6,7.7
2015/4/3,20.1,12.8
2015/4/4,19.8,10.3
2015/4/5,11.2,9.6
2015/4/6,21.1,11
2015/4/7,13.8,7.4
2015/4/8,7.6,2.8
2015/4/9,12.2,4.2
2015/4/10,11.5,6.3
2015/4/11,15.5,8.5
2015/4/12,17.7,9.8
2015/4/13,11.8,8.6
2015/4/14,13.9,9.7
2015/4/15,19.5,11.3
2015/4/16,21.6,10.1
2015/4/17,23.7,11.1
2015/4/18,18.5,8.9
2015/4/19,17,12
2015/4/20,21.1,15.6
2015/4/21,20.2,14.3
2015/4/22,21.1,13.1
2015/4/23,23.6,12.9
2015/4/24,22.8,14.3
2015/4/25,22.2,14.9
2015/4/26,23.6,13.5
2015/4/27,25,14.6
2015/4/28,25.4,15.8
2015/4/29,23,16.3
2015/4/30,23.1,15.4
2015/5/1,26.3,15.3
2015/5/2,26.8,15.9
2015/5/3,25.9,17.5
2015/5/4,25,18.1
2015/5/5,21,15
2015/5/6,23.8,13.2
2015/5/7,23.9,16.6
2015/5/8,25.6,17.2
2015/5/9,21,16.8
2015/5/10,25.9,15.1
2015/5/11,22,13.5
2015/5/12,21.5,16.2
2015/5/13,27.1,18.4
2015/5/14,27,19.1
2015/5/15,26.8,19.5
2015/5/16,23.1,19.3
2015/5/17,26.9,18.9
2015/5/18,26.1,17.7
2015/5/19,24,16.4
2015/5/20,26.1,19
2015/5/21,25.5,13.4
2015/5/22,24.1,16.2
2015/5/23,25.8,17.3
2015/5/24,24.4,18.6
2015/5/25,26,17.8
2015/5/26,28.2,18.2
2015/5/27,28.9,18.7
2015/5/28,26.8,18.6
2015/5/29,22.6,18.9
2015/5/30,28.4,19.1
2015/5/31,30.3,21.7
2015/6/1,28,20.7
2015/6/2,27.7,19.7
2015/6/3,22.4,20.3
2015/6/4,29.1,18.9
2015/6/5,21.8,14.7
2015/6/6,22.9,13.9
2015/6/7,24.9,17.7
2015/6/8,24.4,18.1
2015/6/9,21.4,17.6
2015/6/10,27,18.6
2015/6/11,26,20
2015/6/12,24.8,18.9
2015/6/13,28.3,21.3
2015/6/14,24.5,20.4
2015/6/15,29.2,19.9
2015/6/16,25.4,20.6
2015/6/17,26.4,20.2
2015/6/18,24.2,18.8
2015/6/19,21.1,17.8
2015/6/20,26.9,17.7
2015/6/21,23.2,19.2
2015/6/22,26.8,19
2015/6/23,28,20
2015/6/24,29.3,19.6
2015/6/25,28.5,21.4
2015/6/26,25.1,20.8
2015/6/27,25.5,20.7
2015/6/28,29.2,18.8
2015/6/29,26.7,18
2015/6/30,26,19.8
2015/7/1,26.4,19.2
2015/7/2,24.9,21.4
2015/7/3,24.4,20.3
2015/7/4,25.5,20.9
2015/7/5,21.6,19
2015/7/6,20.4,19.4
2015/7/7,23.6,19.5
2015/7/8,25.4,20
2015/7/9,20.8,19.2
2015/7/10,28.2,18.6
2015/7/11,30.4,21.4
2015/7/12,31.7,23
2015/7/13,32.7,25
2015/7/14,32.4,26.2
2015/7/15,32,24.6
2015/7/16,29.2,22.8
2015/7/17,29.7,23
2015/7/18,30.3,25.6
2015/7/19,33.1,25.5
2015/7/20,33,26
2015/7/21,33.1,25.5
2015/7/22,31.2,25.3
2015/7/23,28.4,24.6
2015/7/24,33.4,24.6
2015/7/25,33.6,25.3
2015/7/26,35.3,26.1
2015/7/27,33.6,26.5
2015/7/28,33.1,26.4
2015/7/29,33.4,26.7
2015/7/30,34,26.2
2015/7/31,34.6,26.5
2015/8/1,34.4,26.9
2015/8/2,34.3,26.7
2015/8/3,34,26.6
2015/8/4,33.9,26.6
2015/8/5,34.2,26.5
2015/8/6,33.7,26.8
2015/8/7,35.8,27.1
2015/8/8,31.5,25.8
2015/8/9,32.6,25.4
2015/8/10,32.2,25.4
2015/8/11,34.4,26.1
2015/8/12,33.5,27.1
2015/8/13,30.2,25.3
2015/8/14,33.3,25.5
2015/8/15,32.8,24.8
2015/8/16,31.8,25.5
2015/8/17,28.4,23.3
2015/8/18,29.9,26.1
2015/8/19,30.4,26.3
2015/8/20,27.4,25.1
2015/8/21,30.6,25.4
2015/8/22,32.4,26.4
2015/8/23,31.3,24.3
2015/8/24,27.5,22.1
2015/8/25,22.8,18.5
2015/8/26,21.2,17.7
2015/8/27,28,20.9
2015/8/28,23.7,20.1
2015/8/29,22,19.5
2015/8/30,22.8,20.7
2015/8/31,24.2,21.1
2015/9/1,26,22.4
2015/9/2,30.4,24.7
2015/9/3,29.8,23.9
2015/9/4,29.8,22.5
2015/9/5,29.4,23.2
2015/9/6,28.3,22.9
2015/9/7,27.1,21.5
2015/9/8,21.6,18.9
2015/9/9,25.8,18.9
2015/9/10,22.9,20.5
2015/9/11,28.2,20.4
2015/9/12,29.6,21.6
2015/9/13,27.6,22.9
2015/9/14,27.2,21
2015/9/15,26.5,20.3
2015/9/16,24.3,18.5
2015/9/17,18.9,16.4
2015/9/18,24.3,18.3
2015/9/19,28,20.8
2015/9/20,27,21.3
2015/9/21,26.7,20.3
2015/9/22,27.2,20.7
2015/9/23,27.1,19.6
2015/9/24,23.8,19.1
2015/9/25,19.3,16.5
2015/9/26,24.2,17.6
2015/9/27,24.2,20.8
2015/9/28,28.4,20.6
2015/9/29,26.1,20.7
2015/9/30,25.5,18.3
2015/10/1,23.2,16.4
2015/10/2,27,20.5
2015/10/3,25.9,18.9
2015/10/4,26.5,17.8
2015/10/5,19.7,17
2015/10/6,22.5,15.3
2015/10/7,22.1,14.8
2015/10/8,25,14.2
2015/10/9,25.2,14.9
2015/10/10,20.3,16
2015/10/11,22.1,17.5
2015/10/12,24.6,16.4
2015/10/13,23.9,15.6
2015/10/14,22.2,17
2015/10/15,23.1,15.3
2015/10/16,19.4,15.2
2015/10/17,20.6,15.7
2015/10/18,23.2,17.4
2015/10/19,24.3,16.1
2015/10/20,22.9,16.5
2015/10/21,20.8,16.2
2015/10/22,22.8,14.4
2015/10/23,21.8,16.5
2015/10/24,24.1,15.7
2015/10/25,20.5,13.4
2015/10/26,19.3,12.1
2015/10/27,23.9,12.3
2015/10/28,26.2,18.4
2015/10/29,20.9,16.2
2015/10/30,20.9,15.6
2015/10/31,16.5,13
2015/11/1,17.1,11.3
2015/11/2,16.2,10
2015/11/3,21.9,13.1
2015/11/4,20,11.2
2015/11/5,20.9,11.4
2015/11/6,21,12.5
2015/11/7,20.8,13.8
2015/11/8,18.5,14.7
2015/11/9,23.2,18.4
2015/11/10,19.6,15.4
2015/11/11,18,13.9
2015/11/12,17.5,12.7
2015/11/13,15.6,10.9
2015/11/14,14.2,12.6
2015/11/15,19.2,14.2
2015/11/16,21.7,13.4
2015/11/17,23.5,15.7
2015/11/18,20.7,15
2015/11/19,17.8,12.6
2015/11/20,15.9,12.9
2015/11/21,21.2,11.7
2015/11/22,16.2,12.4
2015/11/23,13.9,11.7
2015/11/24,17.8,12.3
2015/11/25,12.4,6.4
2015/11/26,12.3,6.4
2015/11/27,15.2,8.4
2015/11/28,16.2,6
2015/11/29,15.2,7.2
2015/11/30,14.7,8.2
2015/12/1,16.6,7.1
2015/12/2,11.5,9.2
2015/12/3,13.8,9.5
2015/12/4,13.6,7.7
2015/12/5,16.3,7.5
2015/12/6,13.3,8.8
2015/12/7,13.4,7.6
2015/12/8,11.3,7
2015/12/9,12.6,4.9
2015/12/10,13.1,6
2015/12/11,23.7,7.2
2015/12/12,15.6,11.2
2015/12/13,11.3,10
2015/12/14,13.3,11
2015/12/15,15.1,10.4
2015/12/16,20.4,9.7
2015/12/17,13.5,7.2
2015/12/18,12.7,6.1
2015/12/19,12.2,5.2
2015/12/20,11.4,4.1
2015/12/21,16,7.1
2015/12/22,15.3,8.1
2015/12/23,9.2,6.1
2015/12/24,16,5.9
2015/12/25,15.1,8.3
2015/12/26,13.4,6.3
2015/12/27,10.7,4.3
2015/12/28,10.1,3.2
2015/12/29,11.4,3.7
2015/12/30,11.1,5.4
2015/12/31,10.7,4.4
2016/1/1,13,5.2
2016/1/2,13.3,3.7
2016/1/3,15.4,5.2
2016/1/4,14.7,6.4
2016/1/5,14.8,8.4
2016/1/6,11.2,8.6
2016/1/7,13.5,6
2016/1/8,11.6,4.9
2016/1/9,11.7,4.1
2016/1/10,13,3.6
2016/1/11,10.6,5.8
2016/1/12,7.8,2.8
2016/1/13,10.1,1.9
2016/1/14,11.2,1.6
2016/1/15,10.8,3.3
2016/1/16,10.5,3.6
2016/1/17,8.8,4.3
2016/1/18,9.3,0.5
2016/1/19,9.5,2
2016/1/20,10.8,0.4
2016/1/21,10,2
2016/1/22,10.7,3.5
2016/1/23,6.7,3.1
2016/1/24,8.1,0.3
2016/1/25,8.2,-0.9
2016/1/26,9.4,0.6
2016/1/27,13.3,1.4
2016/1/28,13.4,3.1
2016/1/29,7.8,3.4
2016/1/30,5.4,2
2016/1/31,9.8,3.5
2016/2/1,6.6,3.7
2016/2/2,9.6,3.3
2016/2/3,8.7,3.3
2016/2/4,9.2,2.8
2016/2/5,11.7,2.8
2016/2/6,9.9,5.1
2016/2/7,9.5,2.6
2016/2/8,9.7,1.7
2016/2/9,12.7,1.8
2016/2/10,10.9,3.4
2016/2/11,9.9,3.3
2016/2/12,11,2.5
2016/2/13,20.3,8.2
2016/2/14,21.5,16.4
2016/2/15,18.6,3
2016/2/16,10.4,2.5
2016/2/17,13.8,2.9
2016/2/18,10.6,3.1
2016/2/19,17.5,4.4
2016/2/20,10.7,7
2016/2/21,15.9,6.8
2016/2/22,10,6
2016/2/23,10.1,5.6
2016/2/24,7.8,3.1
2016/2/25,7.6,1.4
2016/2/26,11.1,1.7
2016/2/27,13,3.6
2016/2/28,14.8,5.8
2016/2/29,14.4,5.4
2016/3/1,9.7,2.9
2016/3/2,12,2.1
2016/3/3,17.1,4.4
2016/3/4,15.5,7.7
2016/3/5,16.5,8.4
2016/3/6,16.6,9.2
2016/3/7,17,12.9
2016/3/8,20.5,12.7
2016/3/9,15.9,4.5
2016/3/10,8.7,4.2
2016/3/11,6.4,3.4
2016/3/12,8.4,4.1
2016/3/13,10.9,4.6
2016/3/14,7.3,3.8
2016/3/15,14.3,4.1
2016/3/16,13,4.9
2016/3/17,19.8,7.6
2016/3/18,19.1,8.4
2016/3/19,16.9,14.3
2016/3/20,15.6,10.3
2016/3/21,12,8.1
2016/3/22,16.8,7.2
2016/3/23,17.9,8.3
2016/3/24,9.4,4.8
2016/3/25,13.7,4.1
2016/3/26,11,5.7
2016/3/27,15.2,6.9
2016/3/28,14.3,8.7
2016/3/29,18.1,7.6
2016/3/30,19.6,11.1
2016/3/31,20.3,11.1
2016/4/1,18.9,8.2
2016/4/2,13.6,8.1
2016/4/3,17.8,9.9
2016/4/4,22.2,10.3
2016/4/5,12.3,10
2016/4/6,18.6,9.1
2016/4/7,21.2,11.5
2016/4/8,22.1,14
2016/4/9,22.6,12.3
2016/4/10,22.5,13.7
2016/4/11,16.7,8.3
2016/4/12,15.2,6.5
2016/4/13,19.9,11.2
2016/4/14,17,13.2
2016/4/15,20.8,12.9
2016/4/16,20.9,12.5
2016/4/17,21.8,17.1
2016/4/18,24.5,14.3
2016/4/19,21.9,13.4
2016/4/20,19.6,11.1
2016/4/21,20,13.3
2016/4/22,22,13.3
2016/4/23,21.8,14.3
2016/4/24,18.4,12.7
2016/4/25,22.8,14.4
2016/4/26,24.7,15.1
2016/4/27,21.1,15.7
2016/4/28,15.8,14.2
2016/4/29,21.2,13.7
2016/4/30,21.3,12.5
2016/5/1,26.2,12.9
2016/5/2,22.1,14.3
2016/5/3,23.8,17.4
2016/5/4,26.4,18.5
2016/5/5,27.2,18.2
2016/5/6,21.1,16.1
2016/5/7,24.6,16.7
2016/5/8,25.4,18
2016/5/9,21.3,15.9
2016/5/10,23.2,16.1
2016/5/11,25.6,19.1
2016/5/12,26.8,18
2016/5/13,25.7,17.4
2016/5/14,24.4,15.2
2016/5/15,22.4,13.6
2016/5/16,23.8,15.2
2016/5/17,21.1,16
2016/5/18,25.5,14.5
2016/5/19,24.2,15.8
2016/5/20,20.3,15.4
2016/5/21,24.1,14.1
2016/5/22,28.9,17.3
2016/5/23,29.8,17.1
2016/5/24,29.1,19.2
2016/5/25,24.1,20.6
2016/5/26,26.4,20.6
2016/5/27,22.1,16.9
2016/5/28,24.1,16.1
2016/5/29,27.2,16.8
2016/5/30,21,15.5
2016/5/31,25.1,16
2016/6/1,25.7,18.3
2016/6/2,25.7,17.1
2016/6/3,24.1,15.6
2016/6/4,25.6,18
2016/6/5,20.9,17
2016/6/6,23.6,16.9
2016/6/7,21.1,18.7
2016/6/8,26.5,17.5
2016/6/9,23.6,19.6
2016/6/10,28.2,19.8
2016/6/11,28.5,18.7
2016/6/12,27.7,21
2016/6/13,22.2,18.4
2016/6/14,26.6,19.3
2016/6/15,24.3,20
2016/6/16,24,20.2
2016/6/17,29.6,19.6
2016/6/18,31.5,23.5
2016/6/19,27.4,21.3
2016/6/20,28.9,20.6
2016/6/21,25.1,20.5
2016/6/22,24.8,21.1
2016/6/23,27.5,21.6
2016/6/24,25.6,21.6
2016/6/25,28.6,22.4
2016/6/26,28.9,22
2016/6/27,29.3,21.9
2016/6/28,22.3,17.4
2016/6/29,24.3,19.6
2016/6/30,26.6,20.2
2016/7/1,30.1,22.8
2016/7/2,30.8,22.5
2016/7/3,33.5,24.9
2016/7/4,32.7,23.8
2016/7/5,25.5,20.4
2016/7/6,28,20.6
2016/7/7,34.9,22.8
2016/7/8,27.6,23.1
2016/7/9,24.1,20.5
2016/7/10,30.3,20.9
2016/7/11,32.8,23
2016/7/12,31,24.1
2016/7/13,27.4,23.7
2016/7/14,32.5,22.5
2016/7/15,25.3,21.5
2016/7/16,28.2,21.6
2016/7/17,29.6,23.5
2016/7/18,32,25.7
2016/7/19,31.6,25.7
2016/7/20,29.5,24
2016/7/21,24.2,21.1
2016/7/22,22.7,20.8
2016/7/23,25.6,20.5
2016/7/24,27.7,20.8
2016/7/25,29,22
2016/7/26,27.7,21.8
2016/7/27,26.7,22.8
2016/7/28,30.4,23.4
2016/7/29,32,23.4
2016/7/30,32.4,23.3
2016/7/31,31.4,25.5
2016/8/1,30.8,24.5
2016/8/2,30.1,23.1
2016/8/3,31.1,24.3
2016/8/4,33.2,25.1
2016/8/5,33.3,25.2
2016/8/6,33.7,26.1
2016/8/7,33.3,25.6
2016/8/8,33.1,26
2016/8/9,37.4,26.8
2016/8/10,33.5,26.6
2016/8/11,30.4,25.4
2016/8/12,30.6,24.7
2016/8/13,30.7,23.8
2016/8/14,29.8,23.9
2016/8/15,30.9,24.9
2016/8/16,31.6,23.9
2016/8/17,33,23.5
2016/8/18,32.9,26.3
2016/8/19,32.1,25.6
2016/8/20,30.3,24.3
2016/8/21,32.7,24.6
2016/8/22,28,23.1
2016/8/23,29.7,24.9
2016/8/24,31.4,24.2
2016/8/25,32.4,24.3
2016/8/26,32.9,24.9
2016/8/27,27.9,21.7
2016/8/28,24.3,21.1
2016/8/29,30.7,22.4
2016/8/30,27.7,24.3
2016/8/31,30.5,23.7
2016/9/1,31.8,24.1
2016/9/2,31.2,24.1
2016/9/3,31.1,25.2
2016/9/4,31.4,24.6
2016/9/5,32.5,25.1
2016/9/6,31.3,26.4
2016/9/7,30.2,25.2
2016/9/8,31.3,25.5
2016/9/9,31.8,24.9
2016/9/10,30.9,24.6
2016/9/11,25.7,21.4
2016/9/12,27.2,22.3
2016/9/13,24.4,21.6
2016/9/14,25.3,20.6
2016/9/15,26.2,22.5
2016/9/16,24.8,23.1
2016/9/17,29.2,22.4
2016/9/18,26.7,23
2016/9/19,23.7,19.3
2016/9/20,20.4,17.9
2016/9/21,22.8,17.8
2016/9/22,20.7,18.2
2016/9/23,22.7,19.8
2016/9/24,23.7,20.9
2016/9/25,29.2,20.6
2016/9/26,29.2,22.4
2016/9/27,29.5,23.5
2016/9/28,31,25
2016/9/29,28.4,22.9
2016/9/30,23.9,19
2016/10/1,22,17.9
2016/10/2,26.7,20.4
2016/10/3,26.7,20.6
2016/10/4,31.1,20.6
2016/10/5,26.7,22.7
2016/10/6,31.8,23.1
2016/10/7,24,20.1
2016/10/8,25.6,18.9
2016/10/9,25.7,19.4
2016/10/10,20.5,18.1
2016/10/11,20.6,17.1
2016/10/12,22.1,14.9
2016/10/13,19,15.8
2016/10/14,19.9,14.4
2016/10/15,22.5,12.4
2016/10/16,23.5,14
2016/10/17,19.4,16.6
2016/10/18,26.4,17.7
2016/10/19,24.8,19.2
2016/10/20,27.6,18.9
2016/10/21,21.1,17.5
2016/10/22,18.7,15.2
2016/10/23,22.2,15.7
2016/10/24,18.5,13.7
2016/10/25,18.1,11.1
2016/10/26,25.7,13.6
2016/10/27,22.2,15.5
2016/10/28,16.3,10.3
2016/10/29,20.2,12.1
2016/10/30,13.7,10.6
2016/10/31,18,10.6
2016/11/1,16.6,11.8
2016/11/2,12.9,9.3
2016/11/3,19,8.9
2016/11/4,19.1,10.5
2016/11/5,20.5,11.8
2016/11/6,20.8,11.4
2016/11/7,14.8,9.4
2016/11/8,14.2,7.3
2016/11/9,14.5,8.8
2016/11/10,12.7,8.3
2016/11/11,12,5.9
2016/11/12,19.5,11.1
2016/11/13,20.1,10.7
2016/11/14,16.1,13
2016/11/15,19,13
2016/11/16,14.6,11.7
2016/11/17,18.1,9.5
2016/11/18,17,8.4
2016/11/19,12.2,8.6
2016/11/20,21.9,10.3
2016/11/21,15.7,10.8
2016/11/22,19.9,10.4
2016/11/23,15.1,7.4
2016/11/24,7.5,1.2
2016/11/25,12.2,1.7
2016/11/26,13.2,4.4
2016/11/27,13.9,8.1
2016/11/28,14.4,9.5
2016/11/29,14.8,8.4
2016/11/30,11.9,6.3
2016/12/1,17.5,6
2016/12/2,16.1,9.8
2016/12/3,16.3,7.7
2016/12/4,17.3,8.8
2016/12/5,18.4,9.7
2016/12/6,17.5,7.2
2016/12/7,11.2,6
2016/12/8,14.2,4.9
2016/12/9,17.2,5.6
2016/12/10,12.5,5.7
2016/12/11,11.3,4.5
2016/12/12,10.8,3.4
2016/12/13,15.5,5.5
2016/12/14,10.8,6.4
2016/12/15,10.3,4.4
2016/12/16,10.1,2.6
2016/12/17,13.8,1.8
2016/12/18,14.1,4.1
2016/12/19,16.7,6.4
2016/12/20,14.1,7.6
2016/12/21,16.9,6.9
2016/12/22,20.5,9.8
2016/12/23,20.2,9.7
2016/12/24,12.4,6.7
2016/12/25,11.3,6.3
2016/12/26,14.8,4.7
2016/12/27,18.3,6.4
2016/12/28,9.2,3.5
2016/12/29,13.9,2.2
2016/12/30,10.5,3.8
2016/12/31,12.6,3.4
2017/1/1,13.6,4.2
2017/1/2,13.3,5.6
2017/1/3,14.1,4.5
2017/1/4,14.5,5.3
2017/1/5,10.7,4.2
2017/1/6,8.8,2.7
2017/1/7,9.2,1.2
2017/1/8,6.7,2.4
2017/1/9,11.9,5.1
2017/1/10,12.3,5.3
2017/1/11,10.5,4.8
2017/1/12,11.9,2.1
2017/1/13,12.7,4.4
2017/1/14,8.4,-0.1
2017/1/15,6.1,-1.2
2017/1/16,8.7,-0.3
2017/1/17,11.1,2.6
2017/1/18,9.9,2.1
2017/1/19,11.4,4.3
2017/1/20,4.7,2
2017/1/21,11,2.1
2017/1/22,13.6,1.8
2017/1/23,7.8,1.2
2017/1/24,7.5,0.3
2017/1/25,10.1,0.3
2017/1/26,10,0.6
2017/1/27,15.6,4.4
2017/1/28,12.5,5.9
2017/1/29,12.2,5.6
2017/1/30,19.3,7.5
2017/1/31,10.7,3.7
2017/2/1,10.7,3.1
2017/2/2,10,2.2
2017/2/3,13.8,2.8
2017/2/4,12.3,4.9
2017/2/5,9.1,4.6
2017/2/6,14.9,5.3
2017/2/7,11.4,4.2
2017/2/8,11.2,3.5
2017/2/9,6.6,1.3
2017/2/10,10.2,0.5
2017/2/11,10.3,-0.4
2017/2/12,11.3,2
2017/2/13,12,2.3
2017/2/14,10.8,2.5
2017/2/15,11.6,1.9
2017/2/16,13.7,2.9
2017/2/17,18.7,7.5
2017/2/18,11.5,6.8
2017/2/19,11.6,2.8
2017/2/20,18.5,3.7
2017/2/21,10.3,4.4
2017/2/22,10.8,2.7
2017/2/23,18.1,9.4
2017/2/24,12,5.6
2017/2/25,12.3,5
2017/2/26,12.6,4.9
2017/2/27,8.8,4.9
2017/2/28,9,3.8
2017/3/1,11.4,3.4
2017/3/2,8.4,5.7
2017/3/3,16,4.7
2017/3/4,14.2,5.2
2017/3/5,14.7,5.8
2017/3/6,11.5,8.6
2017/3/7,12.1,4
2017/3/8,10.7,2
2017/3/9,13,2.5
2017/3/10,13.8,5.2
2017/3/11,11.8,5.6
2017/3/12,11.7,4.8
2017/3/13,12.2,6.3
2017/3/14,11.1,6.6
2017/3/15,8.3,4.6
2017/3/16,13.8,3.8
2017/3/17,14.2,5.8
2017/3/18,15,5.4
2017/3/19,18.2,6.8
2017/3/20,17.7,8.9
2017/3/21,13.1,7.4
2017/3/22,15,6.4
2017/3/23,14,6.5
2017/3/24,13.5,5.7
2017/3/25,12.3,4.9
2017/3/26,9.2,4.7
2017/3/27,10.9,2.8
2017/3/28,13.3,4.6
2017/3/29,14,5.1
2017/3/30,17.6,6.9
2017/3/31,12.9,5.2
2017/4/1,8.8,4.8
2017/4/2,12.8,5.2
2017/4/3,16.6,7.7
2017/4/4,16.5,6.1
2017/4/5,19.7,9.9
2017/4/6,21,14
2017/4/7,20.2,16.2
2017/4/8,17.8,14.3
2017/4/9,17.7,12.1
2017/4/10,14.8,8.8
2017/4/11,12.5,6.8
2017/4/12,21.3,9.6
2017/4/13,17.8,9
2017/4/14,21.3,8.9
2017/4/15,22.8,16.4
2017/4/16,25.7,13
2017/4/17,23.6,14.8
2017/4/18,24.1,14.9
2017/4/19,25.5,14
2017/4/20,20.1,11.3
2017/4/21,19,14.3
2017/4/22,19,10.2
2017/4/23,18.3,9.9
2017/4/24,19.3,12.1
2017/4/25,20.8,12.8
2017/4/26,18.8,14.5
2017/4/27,17,12.2
2017/4/28,20.7,12.1
2017/4/29,22.7,12.2
2017/4/30,23.3,12.3
2017/5/1,24.4,15
2017/5/2,22.4,13.5
2017/5/3,22.2,13.1
2017/5/4,22.9,15.1
2017/5/5,24.8,14.9
2017/5/6,26.2,16.1
2017/5/7,23.6,16.5
2017/5/8,27.8,15
2017/5/9,21.6,16.6
2017/5/10,17.1,15.2
2017/5/11,26.5,15.9
2017/5/12,27.4,18.1
2017/5/13,20.1,16.3
2017/5/14,21.3,16
2017/5/15,22.4,15.8
2017/5/16,22.8,17
2017/5/17,20.2,16
2017/5/18,23.4,15.7
2017/5/19,25.5,15.3
2017/5/20,27.7,17
2017/5/21,30,18.1
2017/5/22,27.4,19.3
2017/5/23,26.8,19.3
2017/5/24,26.3,19.3
2017/5/25,25.7,19.8
2017/5/26,21.8,17.5
2017/5/27,28,18.3
2017/5/28,25.5,18.5
2017/5/29,25.9,18.1
2017/5/30,28.2,18.4
2017/5/31,26.6,21.1
2017/6/1,26.4,19.2
2017/6/2,28.6,19.3
2017/6/3,25.7,16.8
2017/6/4,25.9,17.3
2017/6/5,25,16.9
2017/6/6,23.6,17
2017/6/7,22.3,18.4
2017/6/8,24.3,18.9
2017/6/9,26.7,20.7
2017/6/10,29.5,19.9
2017/6/11,24.9,19.4
2017/6/12,23.9,16.9
2017/6/13,19.6,16.3
2017/6/14,24.5,15.7
2017/6/15,26.4,17.9
2017/6/16,28.2,18.8
2017/6/17,26.9,19.2
2017/6/18,22.3,18.3
2017/6/19,29.7,17.9
2017/6/20,28.1,18
2017/6/21,24.3,19.8
2017/6/22,27.7,21
2017/6/23,29.9,20.3
2017/6/24,28.4,21.3
2017/6/25,23.8,21.1
2017/6/26,25.5,21.3
2017/6/27,25.5,21.7
2017/6/28,25.9,21.4
2017/6/29,28.6,21
2017/6/30,24.8,22.3
2017/7/1,26.6,22.8
2017/7/2,31,21.8
2017/7/3,32.8,25.1
2017/7/4,29.8,23.6
2017/7/5,30.8,22.5
2017/7/6,30.4,23.6
2017/7/7,31,23
2017/7/8,32.9,23.2
2017/7/9,31.4,23.4
2017/7/10,31.7,23.6
2017/7/11,30.9,24.8
2017/7/12,31.3,25.3
2017/7/13,31.6,25.8
2017/7/14,31.9,25.2
2017/7/15,32.5,23.7
2017/7/16,33.1,25.7
2017/7/17,33.3,26.7
2017/7/18,31.7,23.7
2017/7/19,31,23.4
2017/7/20,31.4,24.9
2017/7/21,32.6,25.7
2017/7/22,32.5,25.8
2017/7/23,28,26
2017/7/24,31.7,26.3
2017/7/25,32.3,26.6
2017/7/26,27.3,23.2
2017/7/27,27.8,22.3
2017/7/28,32,23.1
2017/7/29,32.3,24.1
2017/7/30,30,23.8
2017/7/31,33.1,24.7
2017/8/1,31.1,23.7
2017/8/2,24.8,21.9
2017/8/3,28.7,21.7
2017/8/4,28.5,22.6
2017/8/5,32.3,25
2017/8/6,33.6,26
2017/8/7,33.1,26.3
2017/8/8,34.3,27.1
2017/8/9,35.1,25.7
2017/8/10,29.8,23.1
2017/8/11,24,22.4
2017/8/12,28.1,21.6
2017/8/13,29.9,23.8
2017/8/14,25.6,23.9
2017/8/15,26,22
2017/8/16,23.2,21.3
2017/8/17,28.1,21.1
2017/8/18,31.4,24.3
2017/8/19,32.1,23
2017/8/20,28.5,22.7
2017/8/21,32,24.4
2017/8/22,31.9,25.3
2017/8/23,35.1,25.8
2017/8/24,34.8,27.3
2017/8/25,34.6,26.4
2017/8/26,34,27.2
2017/8/27,30.1,24.6
2017/8/28,30.9,23.3
2017/8/29,31.3,25.7
2017/8/30,33.1,25.3
2017/8/31,25.4,20.3
2017/9/1,27,18.1
2017/9/2,25.2,16.8
2017/9/3,26.5,18.5
2017/9/4,23.2,19.4
2017/9/5,27.4,19.3
2017/9/6,23.1,20.5
2017/9/7,25.8,21.3
2017/9/8,26.4,22.3
2017/9/9,29.3,22
2017/9/10,30,22.4
2017/9/11,29.6,22.6
2017/9/12,26.8,23.1
2017/9/13,31,22.7
2017/9/14,29.7,23
2017/9/15,26.6,21.4
2017/9/16,22.5,19
2017/9/17,20.2,18.2
2017/9/18,31.9,20.2
2017/9/19,28.5,22.7
2017/9/20,26,22.3
2017/9/21,29.6,20.6
2017/9/22,26.7,18.7
2017/9/23,23.2,18
2017/9/24,26,19.3
2017/9/25,28.7,20.7
2017/9/26,28.2,20.5
2017/9/27,26.4,21.1
2017/9/28,24.2,17.9
2017/9/29,24.4,17.7
2017/9/30,23.8,18.5
2017/10/1,25,16.7
2017/10/2,25.2,20.8
2017/10/3,26.5,19.4
2017/10/4,20.8,16.6
2017/10/5,20.2,15.5
2017/10/6,18.6,14.1
2017/10/7,22.5,15.1
2017/10/8,25.6,18.2
2017/10/9,25.7,18
2017/10/10,27.6,19.6
2017/10/11,25.1,20.4
2017/10/12,29.5,19.7
2017/10/13,20.6,15
2017/10/14,16.1,14.3
2017/10/15,16.2,14.3
2017/10/16,14.5,12.2
2017/10/17,15.9,12
2017/10/18,19.5,12
2017/10/19,13.9,10.4
2017/10/20,16.8,11.6
2017/10/21,17.2,15.8
2017/10/22,18.1,16.8
2017/10/23,23.7,15.9
2017/10/24,18.2,14.4
2017/10/25,14.4,12
2017/10/26,19.8,12.3
2017/10/27,20.6,10.8
2017/10/28,16.4,13.5
2017/10/29,16.4,13.5
2017/10/30,19.2,12.3
2017/10/31,16.7,10.8
2017/11/1,19.4,10.5
2017/11/2,21.1,10.7
2017/11/3,22,12.5
2017/11/4,22,12.8
2017/11/5,17.9,11.5
2017/11/6,21.1,10
2017/11/7,22.4,11.4
2017/11/8,20.3,13.8
2017/11/9,19,12.6
2017/11/10,18.6,10.7
2017/11/11,21.9,12.1
2017/11/12,16.3,10.4
2017/11/13,16.8,8.7
2017/11/14,15,11.1
2017/11/15,17.3,11.2
2017/11/16,16.7,10
2017/11/17,13.7,7.4
2017/11/18,15.2,8.9
2017/11/19,12.4,7.3
2017/11/20,11.1,5.4
2017/11/21,12.2,5.3
2017/11/22,12.4,4.1
2017/11/23,15,6.2
2017/11/24,15.5,7.9
2017/11/25,15.3,6.1
2017/11/26,18.1,5.1
2017/11/27,14.8,9.8
2017/11/28,15,9.9
2017/11/29,17.3,8.4
2017/11/30,15.1,8.8
2017/12/1,11.1,8.1
2017/12/2,11.6,5.5
2017/12/3,13.1,5.7
2017/12/4,12.6,5.6
2017/12/5,15.1,6.9
2017/12/6,11.6,5.2
2017/12/7,11.8,3.5
2017/12/8,9.6,3.5
2017/12/9,10.6,2.8
2017/12/10,14.2,2.9
2017/12/11,17.8,7.5
2017/12/12,10.7,4.3
2017/12/13,10.7,3.5
2017/12/14,11,2.6
2017/12/15,8.8,3.7
2017/12/16,16.2,4.1
2017/12/17,10,4
2017/12/18,9.4,2
2017/12/19,13.8,2
2017/12/20,10.4,4.2
2017/12/21,10.9,2.3
2017/12/22,10.5,3.5
2017/12/23,13.9,3
2017/12/24,12.2,5.6
2017/12/25,16.8,5.8
2017/12/26,13.3,4.5
2017/12/27,10.3,2.5
2017/12/28,9.7,0.2
2017/12/29,10.5,2.7
2017/12/30,11.5,4
2017/12/31,6.2,3.5
2018/1/1,12.7,2.2
